"","race_name","race_date","winner","team","laps"
"1","Great Britain","13 May 1950","Nino Farina","Alfa Romeo","70"
"2","Monaco","21 May 1950","Juan Manuel Fangio","Alfa Romeo","100"
"3","Indianapolis 500","30 May 1950","Johnnie Parsons","Kurtis Kraft Offenhauser","138"
"4","Switzerland","04 Jun 1950","Nino Farina","Alfa Romeo","42"
"5","Belgium","18 Jun 1950","Juan Manuel Fangio","Alfa Romeo","35"
"6","France","02 Jul 1950","Juan Manuel Fangio","Alfa Romeo","64"
"7","Italy","03 Sep 1950","Nino Farina","Alfa Romeo","80"
"8","Switzerland","27 May 1951","Juan Manuel Fangio","Alfa Romeo","42"
"9","Indianapolis 500","30 May 1951","Lee Wallard","Kurtis Kraft Offenhauser","200"
"10","Belgium","17 Jun 1951","Nino Farina","Alfa Romeo","36"
"11","France","01 Jul 1951","Juan Manuel Fangio","Alfa Romeo","77"
"12","France","01 Jul 1951","Luigi Fagioli","Alfa Romeo","null"
"13","Great Britain","14 Jul 1951","Jose Froilan Gonzalez","Ferrari","90"
"14","Germany","29 Jul 1951","Alberto Ascari","Ferrari","20"
"15","Italy","16 Sep 1951","Alberto Ascari","Ferrari","80"
"16","Spain","28 Oct 1951","Juan Manuel Fangio","Alfa Romeo","70"
"17","Switzerland","18 May 1952","Piero Taruffi","Ferrari","62"
"18","Indianapolis 500","30 May 1952","Troy Ruttman","Kuzma Offenhauser","200"
"19","Belgium","22 Jun 1952","Alberto Ascari","Ferrari","36"
"20","France","06 Jul 1952","Alberto Ascari","Ferrari","77"
"21","Great Britain","19 Jul 1952","Alberto Ascari","Ferrari","85"
"22","Germany","03 Aug 1952","Alberto Ascari","Ferrari","18"
"23","Netherlands","17 Aug 1952","Alberto Ascari","Ferrari","90"
"24","Italy","07 Sep 1952","Alberto Ascari","Ferrari","80"
"25","Argentina","18 Jan 1953","Alberto Ascari","Ferrari","97"
"26","Indianapolis 500","30 May 1953","Bill Vukovich","Kurtis Kraft Offenhauser","200"
"27","Netherlands","07 Jun 1953","Alberto Ascari","Ferrari","90"
"28","Belgium","21 Jun 1953","Alberto Ascari","Ferrari","36"
"29","France","05 Jul 1953","Mike Hawthorn","Ferrari","60"
"30","Great Britain","18 Jul 1953","Alberto Ascari","Ferrari","90"
"31","Germany","02 Aug 1953","Nino Farina","Ferrari","18"
"32","Switzerland","23 Aug 1953","Alberto Ascari","Ferrari","65"
"33","Italy","13 Sep 1953","Juan Manuel Fangio","Maserati","80"
"34","Argentina","17 Jan 1954","Juan Manuel Fangio","Maserati","87"
"35","Indianapolis 500","31 May 1954","Bill Vukovich","Kurtis Kraft Offenhauser","200"
"36","Belgium","20 Jun 1954","Juan Manuel Fangio","Maserati","36"
"37","France","04 Jul 1954","Juan Manuel Fangio","Mercedes-Benz","61"
"38","Great Britain","17 Jul 1954","Jose Froilan Gonzalez","Ferrari","90"
"39","Germany","01 Aug 1954","Juan Manuel Fangio","Mercedes-Benz","22"
"40","Switzerland","22 Aug 1954","Juan Manuel Fangio","Mercedes-Benz","66"
"41","Italy","05 Sep 1954","Juan Manuel Fangio","Mercedes-Benz","80"
"42","Spain","24 Oct 1954","Mike Hawthorn","Ferrari","80"
"43","Argentina","16 Jan 1955","Juan Manuel Fangio","Mercedes-Benz","96"
"44","Monaco","22 May 1955","Maurice Trintignant","Ferrari","100"
"45","Indianapolis 500","30 May 1955","Bob Sweikert","Kurtis Kraft Offenhauser","200"
"46","Belgium","05 Jun 1955","Juan Manuel Fangio","Mercedes-Benz","36"
"47","Netherlands","19 Jun 1955","Juan Manuel Fangio","Mercedes-Benz","100"
"48","Great Britain","16 Jul 1955","Stirling Moss","Mercedes-Benz","90"
"49","Italy","11 Sep 1955","Juan Manuel Fangio","Mercedes-Benz","50"
"50","Argentina","22 Jan 1956","Luigi Musso","Ferrari","null"
"51","Argentina","22 Jan 1956","Juan Manuel Fangio","Ferrari","98"
"52","Monaco","13 May 1956","Stirling Moss","Maserati","100"
"53","Indianapolis 500","30 May 1956","Pat Flaherty","Watson Offenhauser","200"
"54","Belgium","03 Jun 1956","Peter Collins","Ferrari","36"
"55","France","01 Jul 1956","Peter Collins","Ferrari","61"
"56","Great Britain","14 Jul 1956","Juan Manuel Fangio","Ferrari","101"
"57","Germany","05 Aug 1956","Juan Manuel Fangio","Ferrari","22"
"58","Italy","02 Sep 1956","Stirling Moss","Maserati","50"
"59","Argentina","13 Jan 1957","Juan Manuel Fangio","Maserati","100"
"60","Monaco","19 May 1957","Juan Manuel Fangio","Maserati","105"
"61","Indianapolis 500","30 May 1957","Sam Hanks","Epperly Offenhauser","200"
"62","France","07 Jul 1957","Juan Manuel Fangio","Maserati","77"
"63","Great Britain","20 Jul 1957","Stirling Moss","Vanwall","90"
"64","Great Britain","20 Jul 1957","Tony Brooks","Vanwall","null"
"65","Germany","04 Aug 1957","Juan Manuel Fangio","Maserati","22"
"66","Pescara","18 Aug 1957","Stirling Moss","Vanwall","18"
"67","Italy","08 Sep 1957","Stirling Moss","Vanwall","87"
"68","Argentina","19 Jan 1958","Stirling Moss","Cooper Climax","80"
"69","Monaco","18 May 1958","Maurice Trintignant","Cooper Climax","100"
"70","Netherlands","26 May 1958","Stirling Moss","Vanwall","75"
"71","Indianapolis 500","30 May 1958","Jimmy Bryan","Epperly Offenhauser","200"
"72","Belgium","15 Jun 1958","Tony Brooks","Vanwall","24"
"73","France","06 Jul 1958","Mike Hawthorn","Ferrari","50"
"74","Great Britain","19 Jul 1958","Peter Collins","Ferrari","75"
"75","Germany","03 Aug 1958","Tony Brooks","Vanwall","15"
"76","Portugal","24 Aug 1958","Stirling Moss","Vanwall","50"
"77","Italy","07 Sep 1958","Tony Brooks","Vanwall","70"
"78","Morocco","19 Oct 1958","Stirling Moss","Vanwall","53"
"79","Monaco","10 May 1959","Jack Brabham","Cooper Climax","100"
"80","Indianapolis 500","30 May 1959","Rodger Ward","Watson Offenhauser","200"
"81","Netherlands","31 May 1959","Jo Bonnier","BRM","75"
"82","France","05 Jul 1959","Tony Brooks","Ferrari","50"
"83","Great Britain","18 Jul 1959","Jack Brabham","Cooper Climax","75"
"84","Germany","02 Aug 1959","Tony Brooks","Ferrari","60"
"85","Portugal","23 Aug 1959","Stirling Moss","Cooper Climax","62"
"86","Italy","13 Sep 1959","Stirling Moss","Cooper Climax","72"
"87","United States","12 Dec 1959","Bruce McLaren","Cooper Climax","42"
"88","Argentina","07 Feb 1960","Bruce McLaren","Cooper Climax","80"
"89","Monaco","29 May 1960","Stirling Moss","Lotus Climax","100"
"90","Indianapolis 500","30 May 1960","Jim Rathmann","Watson Offenhauser","200"
"91","Netherlands","06 Jun 1960","Jack Brabham","Cooper Climax","75"
"92","Belgium","19 Jun 1960","Jack Brabham","Cooper Climax","36"
"93","France","03 Jul 1960","Jack Brabham","Cooper Climax","50"
"94","Great Britain","16 Jul 1960","Jack Brabham","Cooper Climax","77"
"95","Portugal","14 Aug 1960","Jack Brabham","Cooper Climax","55"
"96","Italy","04 Sep 1960","Phil Hill","Ferrari","50"
"97","United States","20 Nov 1960","Stirling Moss","Lotus Climax","75"
"98","Monaco","14 May 1961","Stirling Moss","Lotus Climax","100"
"99","Netherlands","22 May 1961","Wolfgang von Trips","Ferrari","75"
"100","Belgium","18 Jun 1961","Phil Hill","Ferrari","30"
"101","France","02 Jul 1961","Giancarlo Baghetti","Ferrari","52"
"102","Great Britain","15 Jul 1961","Wolfgang von Trips","Ferrari","75"
"103","Germany","06 Aug 1961","Stirling Moss","Lotus Climax","15"
"104","Italy","10 Sep 1961","Phil Hill","Ferrari","43"
"105","United States","08 Oct 1961","Innes Ireland","Lotus Climax","100"
"106","Netherlands","20 May 1962","Graham Hill","BRM","80"
"107","Monaco","03 Jun 1962","Bruce McLaren","Cooper Climax","100"
"108","Belgium","17 Jun 1962","Jim Clark","Lotus Climax","32"
"109","France","08 Jul 1962","Dan Gurney","Porsche","54"
"110","Great Britain","21 Jul 1962","Jim Clark","Lotus Climax","75"
"111","Germany","05 Aug 1962","Graham Hill","BRM","15"
"112","Italy","16 Sep 1962","Graham Hill","BRM","86"
"113","United States","07 Oct 1962","Jim Clark","Lotus Climax","100"
"114","South Africa","29 Dec 1962","Graham Hill","BRM","82"
"115","Monaco","26 May 1963","Graham Hill","BRM","100"
"116","Belgium","09 Jun 1963","Jim Clark","Lotus Climax","32"
"117","Netherlands","23 Jun 1963","Jim Clark","Lotus Climax","80"
"118","France","30 Jun 1963","Jim Clark","Lotus Climax","53"
"119","Great Britain","20 Jul 1963","Jim Clark","Lotus Climax","82"
"120","Germany","04 Aug 1963","John Surtees","Ferrari","15"
"121","Italy","08 Sep 1963","Jim Clark","Lotus Climax","86"
"122","United States","06 Oct 1963","Graham Hill","BRM","110"
"123","Mexico","27 Oct 1963","Jim Clark","Lotus Climax","65"
"124","South Africa","28 Dec 1963","Jim Clark","Lotus Climax","85"
"125","Monaco","10 May 1964","Graham Hill","BRM","100"
"126","Netherlands","24 May 1964","Jim Clark","Lotus Climax","80"
"127","Belgium","14 Jun 1964","Jim Clark","Lotus Climax","32"
"128","France","28 Jun 1964","Dan Gurney","Brabham Climax","57"
"129","Great Britain","11 Jul 1964","Jim Clark","Lotus Climax","80"
"130","Germany","02 Aug 1964","John Surtees","Ferrari","15"
"131","Austria","23 Aug 1964","Lorenzo Bandini","Ferrari","105"
"132","Italy","06 Sep 1964","John Surtees","Ferrari","78"
"133","United States","04 Oct 1964","Graham Hill","BRM","110"
"134","Mexico","25 Oct 1964","Dan Gurney","Brabham Climax","65"
"135","South Africa","01 Jan 1965","Jim Clark","Lotus Climax","85"
"136","Monaco","30 May 1965","Graham Hill","BRM","100"
"137","Belgium","13 Jun 1965","Jim Clark","Lotus Climax","32"
"138","France","27 Jun 1965","Jim Clark","Lotus Climax","40"
"139","Great Britain","10 Jul 1965","Jim Clark","Lotus Climax","80"
"140","Netherlands","18 Jul 1965","Jim Clark","Lotus Climax","80"
"141","Germany","01 Aug 1965","Jim Clark","Lotus Climax","15"
"142","Italy","12 Sep 1965","Jackie Stewart","BRM","76"
"143","United States","03 Oct 1965","Graham Hill","BRM","110"
"144","Mexico","24 Oct 1965","Richie Ginther","Honda","65"
"145","Monaco","22 May 1966","Jackie Stewart","BRM","100"
"146","Belgium","12 Jun 1966","John Surtees","Ferrari","28"
"147","France","03 Jul 1966","Jack Brabham","Brabham Repco","48"
"148","Great Britain","16 Jul 1966","Jack Brabham","Brabham Repco","80"
"149","Netherlands","24 Jul 1966","Jack Brabham","Brabham Repco","90"
"150","Germany","07 Aug 1966","Jack Brabham","Brabham Repco","15"
"151","Italy","04 Sep 1966","Ludovico Scarfiotti","Ferrari","68"
"152","United States","02 Oct 1966","Jim Clark","Lotus BRM","108"
"153","Mexico","23 Oct 1966","John Surtees","Cooper Maserati","65"
"154","South Africa","02 Jan 1967","Pedro Rodriguez","Cooper Maserati","80"
"155","Monaco","07 May 1967","Denny Hulme","Brabham Repco","100"
"156","Netherlands","04 Jun 1967","Jim Clark","Lotus Ford","90"
"157","Belgium","18 Jun 1967","Dan Gurney","Eagle Weslake","28"
"158","France","02 Jul 1967","Jack Brabham","Brabham Repco","80"
"159","Great Britain","15 Jul 1967","Jim Clark","Lotus Ford","80"
"160","Germany","06 Aug 1967","Denny Hulme","Brabham Repco","15"
"161","Canada","27 Aug 1967","Jack Brabham","Brabham Repco","90"
"162","Italy","10 Sep 1967","John Surtees","Honda","68"
"163","United States","01 Oct 1967","Jim Clark","Lotus Ford","108"
"164","Mexico","22 Oct 1967","Jim Clark","Lotus Ford","65"
"165","South Africa","01 Jan 1968","Jim Clark","Lotus Ford","80"
"166","Spain","12 May 1968","Graham Hill","Lotus Ford","90"
"167","Monaco","26 May 1968","Graham Hill","Lotus Ford","80"
"168","Belgium","09 Jun 1968","Bruce McLaren","McLaren Ford","28"
"169","Netherlands","23 Jun 1968","Jackie Stewart","Matra Ford","90"
"170","France","07 Jul 1968","Jacky Ickx","Ferrari","60"
"171","Great Britain","20 Jul 1968","Jo Siffert","Lotus Ford","80"
"172","Germany","04 Aug 1968","Jackie Stewart","Matra Ford","14"
"173","Italy","08 Sep 1968","Denny Hulme","McLaren Ford","68"
"174","Canada","22 Sep 1968","Denny Hulme","McLaren Ford","90"
"175","United States","06 Oct 1968","Jackie Stewart","Matra Ford","108"
"176","Mexico","03 Nov 1968","Graham Hill","Lotus Ford","65"
"177","South Africa","01 Mar 1969","Jackie Stewart","Matra Ford","80"
"178","Spain","04 May 1969","Jackie Stewart","Matra Ford","90"
"179","Monaco","18 May 1969","Graham Hill","Lotus Ford","80"
"180","Netherlands","21 Jun 1969","Jackie Stewart","Matra Ford","90"
"181","France","06 Jul 1969","Jackie Stewart","Matra Ford","38"
"182","Great Britain","19 Jul 1969","Jackie Stewart","Matra Ford","84"
"183","Germany","03 Aug 1969","Jacky Ickx","Brabham Ford","14"
"184","Italy","07 Sep 1969","Jackie Stewart","Matra Ford","68"
"185","Canada","20 Sep 1969","Jacky Ickx","Brabham Ford","90"
"186","United States","05 Oct 1969","Jochen Rindt","Lotus Ford","108"
"187","Mexico","19 Oct 1969","Denny Hulme","McLaren Ford","65"
"188","South Africa","07 Mar 1970","Jack Brabham","Brabham Ford","80"
"189","Spain","19 Apr 1970","Jackie Stewart","March Ford","90"
"190","Monaco","10 May 1970","Jochen Rindt","Lotus Ford","80"
"191","Belgium","07 Jun 1970","Pedro Rodriguez","BRM","28"
"192","Netherlands","21 Jun 1970","Jochen Rindt","Lotus Ford","80"
"193","France","05 Jul 1970","Jochen Rindt","Lotus Ford","38"
"194","Great Britain","18 Jul 1970","Jochen Rindt","Lotus Ford","80"
"195","Germany","02 Aug 1970","Jochen Rindt","Lotus Ford","50"
"196","Austria","16 Aug 1970","Jacky Ickx","Ferrari","60"
"197","Italy","06 Sep 1970","Clay Regazzoni","Ferrari","68"
"198","Canada","20 Sep 1970","Jacky Ickx","Ferrari","90"
"199","United States","04 Oct 1970","Emerson Fittipaldi","Lotus Ford","108"
"200","Mexico","25 Oct 1970","Jacky Ickx","Ferrari","65"
"201","South Africa","06 Mar 1971","Mario Andretti","Ferrari","79"
"202","Spain","18 Apr 1971","Jackie Stewart","Tyrrell Ford","75"
"203","Monaco","23 May 1971","Jackie Stewart","Tyrrell Ford","80"
"204","Netherlands","20 Jun 1971","Jacky Ickx","Ferrari","70"
"205","France","04 Jul 1971","Jackie Stewart","Tyrrell Ford","55"
"206","Great Britain","17 Jul 1971","Jackie Stewart","Tyrrell Ford","68"
"207","Germany","01 Aug 1971","Jackie Stewart","Tyrrell Ford","12"
"208","Austria","15 Aug 1971","Jo Siffert","BRM","54"
"209","Italy","05 Sep 1971","Peter Gethin","BRM","55"
"210","Canada","19 Sep 1971","Jackie Stewart","Tyrrell Ford","64"
"211","United States","03 Oct 1971","Francois Cevert","Tyrrell Ford","59"
"212","Argentina","23 Jan 1972","Jackie Stewart","Tyrrell Ford","95"
"213","South Africa","04 Mar 1972","Denny Hulme","McLaren Ford","79"
"214","Spain","01 May 1972","Emerson Fittipaldi","Lotus Ford","90"
"215","Monaco","14 May 1972","Jean-Pierre Beltoise","BRM","80"
"216","Belgium","04 Jun 1972","Emerson Fittipaldi","Lotus Ford","85"
"217","France","02 Jul 1972","Jackie Stewart","Tyrrell Ford","38"
"218","Great Britain","15 Jul 1972","Emerson Fittipaldi","Lotus Ford","76"
"219","Germany","30 Jul 1972","Jacky Ickx","Ferrari","14"
"220","Austria","13 Aug 1972","Emerson Fittipaldi","Lotus Ford","54"
"221","Italy","10 Sep 1972","Emerson Fittipaldi","Lotus Ford","55"
"222","Canada","24 Sep 1972","Jackie Stewart","Tyrrell Ford","80"
"223","United States","08 Oct 1972","Jackie Stewart","Tyrrell Ford","59"
"224","Argentina","28 Jan 1973","Emerson Fittipaldi","Lotus Ford","96"
"225","Brazil","11 Feb 1973","Emerson Fittipaldi","Lotus Ford","40"
"226","South Africa","03 Mar 1973","Jackie Stewart","Tyrrell Ford","79"
"227","Spain","29 Apr 1973","Emerson Fittipaldi","Lotus Ford","75"
"228","Belgium","20 May 1973","Jackie Stewart","Tyrrell Ford","70"
"229","Monaco","03 Jun 1973","Jackie Stewart","Tyrrell Ford","78"
"230","Sweden","17 Jun 1973","Denny Hulme","McLaren Ford","80"
"231","France","01 Jul 1973","Ronnie Peterson","Lotus Ford","54"
"232","Great Britain","14 Jul 1973","Peter Revson","McLaren Ford","67"
"233","Netherlands","29 Jul 1973","Jackie Stewart","Tyrrell Ford","72"
"234","Germany","05 Aug 1973","Jackie Stewart","Tyrrell Ford","14"
"235","Austria","19 Aug 1973","Ronnie Peterson","Lotus Ford","54"
"236","Italy","09 Sep 1973","Ronnie Peterson","Lotus Ford","55"
"237","Canada","23 Sep 1973","Peter Revson","McLaren Ford","80"
"238","United States","07 Oct 1973","Ronnie Peterson","Lotus Ford","59"
"239","Argentina","13 Jan 1974","Denny Hulme","McLaren Ford","53"
"240","Brazil","27 Jan 1974","Emerson Fittipaldi","McLaren Ford","32"
"241","South Africa","30 Mar 1974","Carlos Reutemann","Brabham Ford","78"
"242","Spain","28 Apr 1974","Niki Lauda","Ferrari","84"
"243","Belgium","12 May 1974","Emerson Fittipaldi","McLaren Ford","85"
"244","Monaco","26 May 1974","Ronnie Peterson","Lotus Ford","78"
"245","Sweden","09 Jun 1974","Jody Scheckter","Tyrrell Ford","80"
"246","Netherlands","23 Jun 1974","Niki Lauda","Ferrari","75"
"247","France","07 Jul 1974","Ronnie Peterson","Lotus Ford","80"
"248","Great Britain","20 Jul 1974","Jody Scheckter","Tyrrell Ford","75"
"249","Germany","04 Aug 1974","Clay Regazzoni","Ferrari","14"
"250","Austria","18 Aug 1974","Carlos Reutemann","Brabham Ford","54"
"251","Italy","08 Sep 1974","Ronnie Peterson","Lotus Ford","52"
"252","Canada","22 Sep 1974","Emerson Fittipaldi","McLaren Ford","80"
"253","United States","06 Oct 1974","Carlos Reutemann","Brabham Ford","59"
"254","Argentina","12 Jan 1975","Emerson Fittipaldi","McLaren Ford","53"
"255","Brazil","26 Jan 1975","Carlos Pace","Brabham Ford","40"
"256","South Africa","01 Mar 1975","Jody Scheckter","Tyrrell Ford","78"
"257","Spain","27 Apr 1975","Jochen Mass","McLaren Ford","29"
"258","Monaco","11 May 1975","Niki Lauda","Ferrari","75"
"259","Belgium","25 May 1975","Niki Lauda","Ferrari","70"
"260","Sweden","08 Jun 1975","Niki Lauda","Ferrari","80"
"261","Netherlands","22 Jun 1975","James Hunt","Hesketh Ford","75"
"262","France","06 Jul 1975","Niki Lauda","Ferrari","54"
"263","Great Britain","19 Jul 1975","Emerson Fittipaldi","McLaren Ford","56"
"264","Germany","03 Aug 1975","Carlos Reutemann","Brabham Ford","14"
"265","Austria","17 Aug 1975","Vittorio Brambilla","March Ford","29"
"266","Italy","07 Sep 1975","Clay Regazzoni","Ferrari","52"
"267","United States","05 Oct 1975","Niki Lauda","Ferrari","59"
"268","Brazil","25 Jan 1976","Niki Lauda","Ferrari","40"
"269","South Africa","06 Mar 1976","Niki Lauda","Ferrari","78"
"270","USA West","28 Mar 1976","Clay Regazzoni","Ferrari","80"
"271","Spain","02 May 1976","James Hunt","McLaren Ford","75"
"272","Belgium","16 May 1976","Niki Lauda","Ferrari","70"
"273","Monaco","30 May 1976","Niki Lauda","Ferrari","78"
"274","Sweden","13 Jun 1976","Jody Scheckter","Tyrrell Ford","72"
"275","France","04 Jul 1976","James Hunt","McLaren Ford","54"
"276","Great Britain","18 Jul 1976","Niki Lauda","Ferrari","76"
"277","Germany","01 Aug 1976","James Hunt","McLaren Ford","14"
"278","Austria","15 Aug 1976","John Watson","Penske Ford","54"
"279","Netherlands","29 Aug 1976","James Hunt","McLaren Ford","75"
"280","Italy","12 Sep 1976","Ronnie Peterson","March Ford","52"
"281","Canada","03 Oct 1976","James Hunt","McLaren Ford","80"
"282","USA East","10 Oct 1976","James Hunt","McLaren Ford","59"
"283","Japan","24 Oct 1976","Mario Andretti","Lotus Ford","73"
"284","Argentina","09 Jan 1977","Jody Scheckter","Wolf Ford","53"
"285","Brazil","23 Jan 1977","Carlos Reutemann","Ferrari","40"
"286","South Africa","05 Mar 1977","Niki Lauda","Ferrari","78"
"287","USA West","03 Apr 1977","Mario Andretti","Lotus Ford","80"
"288","Spain","08 May 1977","Mario Andretti","Lotus Ford","75"
"289","Monaco","22 May 1977","Jody Scheckter","Wolf Ford","76"
"290","Belgium","05 Jun 1977","Gunnar Nilsson","Lotus Ford","70"
"291","Sweden","19 Jun 1977","Jacques Laffite","Ligier Matra","72"
"292","France","03 Jul 1977","Mario Andretti","Lotus Ford","80"
"293","Great Britain","16 Jul 1977","James Hunt","McLaren Ford","68"
"294","Germany","31 Jul 1977","Niki Lauda","Ferrari","47"
"295","Austria","14 Aug 1977","Alan Jones","Shadow Ford","54"
"296","Netherlands","28 Aug 1977","Niki Lauda","Ferrari","75"
"297","Italy","11 Sep 1977","Mario Andretti","Lotus Ford","52"
"298","USA East","02 Oct 1977","James Hunt","McLaren Ford","59"
"299","Canada","09 Oct 1977","Jody Scheckter","Wolf Ford","80"
"300","Japan","23 Oct 1977","James Hunt","McLaren Ford","73"
"301","Argentina","15 Jan 1978","Mario Andretti","Lotus Ford","52"
"302","Brazil","29 Jan 1978","Carlos Reutemann","Ferrari","63"
"303","South Africa","04 Mar 1978","Ronnie Peterson","Lotus Ford","78"
"304","USA West","02 Apr 1978","Carlos Reutemann","Ferrari","80"
"305","Monaco","07 May 1978","Patrick Depailler","Tyrrell Ford","75"
"306","Belgium","21 May 1978","Mario Andretti","Lotus Ford","70"
"307","Spain","04 Jun 1978","Mario Andretti","Lotus Ford","75"
"308","Sweden","17 Jun 1978","Niki Lauda","Brabham Alfa Romeo","70"
"309","France","02 Jul 1978","Mario Andretti","Lotus Ford","54"
"310","Great Britain","16 Jul 1978","Carlos Reutemann","Ferrari","76"
"311","Germany","30 Jul 1978","Mario Andretti","Lotus Ford","45"
"312","Austria","13 Aug 1978","Ronnie Peterson","Lotus Ford","54"
"313","Netherlands","27 Aug 1978","Mario Andretti","Lotus Ford","75"
"314","Italy","10 Sep 1978","Niki Lauda","Brabham Alfa Romeo","40"
"315","USA East","01 Oct 1978","Carlos Reutemann","Ferrari","59"
"316","Canada","08 Oct 1978","Gilles Villeneuve","Ferrari","70"
"317","Argentina","21 Jan 1979","Jacques Laffite","Ligier Ford","53"
"318","Brazil","04 Feb 1979","Jacques Laffite","Ligier Ford","40"
"319","South Africa","03 Mar 1979","Gilles Villeneuve","Ferrari","78"
"320","USA West","08 Apr 1979","Gilles Villeneuve","Ferrari","80"
"321","Spain","29 Apr 1979","Patrick Depailler","Ligier Ford","75"
"322","Belgium","13 May 1979","Jody Scheckter","Ferrari","70"
"323","Monaco","27 May 1979","Jody Scheckter","Ferrari","76"
"324","France","01 Jul 1979","Jean-Pierre Jabouille","Renault","80"
"325","Great Britain","14 Jul 1979","Clay Regazzoni","Williams Ford","68"
"326","Germany","29 Jul 1979","Alan Jones","Williams Ford","45"
"327","Austria","12 Aug 1979","Alan Jones","Williams Ford","54"
"328","Netherlands","26 Aug 1979","Alan Jones","Williams Ford","75"
"329","Italy","09 Sep 1979","Jody Scheckter","Ferrari","50"
"330","Canada","30 Sep 1979","Alan Jones","Williams Ford","72"
"331","USA East","07 Oct 1979","Gilles Villeneuve","Ferrari","59"
"332","Argentina","13 Jan 1980","Alan Jones","Williams Ford","53"
"333","Brazil","27 Jan 1980","Rene Arnoux","Renault","40"
"334","South Africa","01 Mar 1980","Rene Arnoux","Renault","78"
"335","USA West","30 Mar 1980","Nelson Piquet","Brabham Ford","80"
"336","Belgium","04 May 1980","Didier Pironi","Ligier Ford","72"
"337","Monaco","18 May 1980","Carlos Reutemann","Williams Ford","76"
"338","France","29 Jun 1980","Alan Jones","Williams Ford","54"
"339","Great Britain","13 Jul 1980","Alan Jones","Williams Ford","76"
"340","Germany","10 Aug 1980","Jacques Laffite","Ligier Ford","45"
"341","Austria","17 Aug 1980","Jean-Pierre Jabouille","Renault","54"
"342","Netherlands","31 Aug 1980","Nelson Piquet","Brabham Ford","72"
"343","Italy","14 Sep 1980","Nelson Piquet","Brabham Ford","60"
"344","Canada","28 Sep 1980","Alan Jones","Williams Ford","70"
"345","USA East","05 Oct 1980","Alan Jones","Williams Ford","59"
"346","USA West","15 Mar 1981","Alan Jones","Williams Ford","80"
"347","Brazil","29 Mar 1981","Carlos Reutemann","Williams Ford","62"
"348","Argentina","12 Apr 1981","Nelson Piquet","Brabham Ford","53"
"349","San Marino","03 May 1981","Nelson Piquet","Brabham Ford","60"
"350","Belgium","17 May 1981","Carlos Reutemann","Williams Ford","54"
"351","Monaco","31 May 1981","Gilles Villeneuve","Ferrari","76"
"352","Spain","21 Jun 1981","Gilles Villeneuve","Ferrari","80"
"353","France","05 Jul 1981","Alain Prost","Renault","80"
"354","Great Britain","18 Jul 1981","John Watson","McLaren Ford","68"
"355","Germany","02 Aug 1981","Nelson Piquet","Brabham Ford","45"
"356","Austria","16 Aug 1981","Jacques Laffite","Ligier Matra","53"
"357","Netherlands","30 Aug 1981","Alain Prost","Renault","72"
"358","Italy","13 Sep 1981","Alain Prost","Renault","52"
"359","Canada","27 Sep 1981","Jacques Laffite","Ligier Matra","63"
"360","Las Vegas","17 Oct 1981","Alan Jones","Williams Ford","75"
"361","South Africa","23 Jan 1982","Alain Prost","Renault","77"
"362","Brazil","21 Mar 1982","Alain Prost","Renault","63"
"363","USA West","04 Apr 1982","Niki Lauda","McLaren Ford","75"
"364","San Marino","25 Apr 1982","Didier Pironi","Ferrari","60"
"365","Belgium","09 May 1982","John Watson","McLaren Ford","70"
"366","Monaco","23 May 1982","Riccardo Patrese","Brabham Ford","76"
"367","Detroit","06 Jun 1982","John Watson","McLaren Ford","62"
"368","Canada","13 Jun 1982","Nelson Piquet","Brabham BMW","70"
"369","Netherlands","03 Jul 1982","Didier Pironi","Ferrari","72"
"370","Great Britain","18 Jul 1982","Niki Lauda","McLaren Ford","76"
"371","France","25 Jul 1982","Rene Arnoux","Renault","54"
"372","Germany","08 Aug 1982","Patrick Tambay","Ferrari","45"
"373","Austria","15 Aug 1982","Elio de Angelis","Lotus Ford","53"
"374","Switzerland","29 Aug 1982","Keke Rosberg","Williams Ford","80"
"375","Italy","12 Sep 1982","Rene Arnoux","Renault","52"
"376","Las Vegas","25 Sep 1982","Michele Alboreto","Tyrrell Ford","75"
"377","Brazil","13 Mar 1983","Nelson Piquet","Brabham BMW","63"
"378","USA West","27 Mar 1983","John Watson","McLaren Ford","75"
"379","France","17 Apr 1983","Alain Prost","Renault","54"
"380","San Marino","01 May 1983","Patrick Tambay","Ferrari","60"
"381","Monaco","15 May 1983","Keke Rosberg","Williams Ford","76"
"382","Belgium","22 May 1983","Alain Prost","Renault","40"
"383","Detroit","05 Jun 1983","Michele Alboreto","Tyrrell Ford","60"
"384","Canada","12 Jun 1983","Rene Arnoux","Ferrari","70"
"385","Great Britain","16 Jul 1983","Alain Prost","Renault","67"
"386","Germany","07 Aug 1983","Rene Arnoux","Ferrari","45"
"387","Austria","14 Aug 1983","Alain Prost","Renault","53"
"388","Netherlands","28 Aug 1983","Rene Arnoux","Ferrari","72"
"389","Italy","11 Sep 1983","Nelson Piquet","Brabham BMW","52"
"390","Europe","25 Sep 1983","Nelson Piquet","Brabham BMW","76"
"391","South Africa","15 Oct 1983","Riccardo Patrese","Brabham BMW","77"
"392","Brazil","25 Mar 1984","Alain Prost","McLaren TAG","61"
"393","South Africa","07 Apr 1984","Niki Lauda","McLaren TAG","75"
"394","Belgium","29 Apr 1984","Michele Alboreto","Ferrari","70"
"395","San Marino","06 May 1984","Alain Prost","McLaren TAG","60"
"396","France","20 May 1984","Niki Lauda","McLaren TAG","79"
"397","Monaco","03 Jun 1984","Alain Prost","McLaren TAG","31"
"398","Canada","17 Jun 1984","Nelson Piquet","Brabham BMW","70"
"399","Detroit","24 Jun 1984","Nelson Piquet","Brabham BMW","63"
"400","Dallas","08 Jul 1984","Keke Rosberg","Williams Honda","67"
"401","Great Britain","22 Jul 1984","Niki Lauda","McLaren TAG","71"
"402","Germany","05 Aug 1984","Alain Prost","McLaren TAG","44"
"403","Austria","19 Aug 1984","Niki Lauda","McLaren TAG","51"
"404","Netherlands","26 Aug 1984","Alain Prost","McLaren TAG","71"
"405","Italy","09 Sep 1984","Niki Lauda","McLaren TAG","51"
"406","Europe","07 Oct 1984","Alain Prost","McLaren TAG","67"
"407","Portugal","21 Oct 1984","Alain Prost","McLaren TAG","70"
"408","Brazil","07 Apr 1985","Alain Prost","McLaren TAG","61"
"409","Portugal","21 Apr 1985","Ayrton Senna","Lotus Renault","67"
"410","San Marino","05 May 1985","Elio de Angelis","Lotus Renault","60"
"411","Monaco","19 May 1985","Alain Prost","McLaren TAG","78"
"412","Canada","16 Jun 1985","Michele Alboreto","Ferrari","70"
"413","Detroit","23 Jun 1985","Keke Rosberg","Williams Honda","63"
"414","France","07 Jul 1985","Nelson Piquet","Brabham BMW","53"
"415","Great Britain","21 Jul 1985","Alain Prost","McLaren TAG","65"
"416","Germany","04 Aug 1985","Michele Alboreto","Ferrari","67"
"417","Austria","18 Aug 1985","Alain Prost","McLaren TAG","52"
"418","Netherlands","25 Aug 1985","Niki Lauda","McLaren TAG","70"
"419","Italy","08 Sep 1985","Alain Prost","McLaren TAG","51"
"420","Belgium","15 Sep 1985","Ayrton Senna","Lotus Renault","43"
"421","Europe","06 Oct 1985","Nigel Mansell","Williams Honda","75"
"422","South Africa","19 Oct 1985","Nigel Mansell","Williams Honda","75"
"423","Australia","03 Nov 1985","Keke Rosberg","Williams Honda","82"
"424","Brazil","23 Mar 1986","Nelson Piquet","Williams Honda","61"
"425","Spain","13 Apr 1986","Ayrton Senna","Lotus Renault","72"
"426","San Marino","27 Apr 1986","Alain Prost","McLaren TAG","60"
"427","Monaco","11 May 1986","Alain Prost","McLaren TAG","78"
"428","Belgium","25 May 1986","Nigel Mansell","Williams Honda","43"
"429","Canada","15 Jun 1986","Nigel Mansell","Williams Honda","69"
"430","Detroit","22 Jun 1986","Ayrton Senna","Lotus Renault","63"
"431","France","06 Jul 1986","Nigel Mansell","Williams Honda","80"
"432","Great Britain","13 Jul 1986","Nigel Mansell","Williams Honda","75"
"433","Germany","27 Jul 1986","Nelson Piquet","Williams Honda","44"
"434","Hungary","10 Aug 1986","Nelson Piquet","Williams Honda","76"
"435","Austria","17 Aug 1986","Alain Prost","McLaren TAG","52"
"436","Italy","07 Sep 1986","Nelson Piquet","Williams Honda","51"
"437","Portugal","21 Sep 1986","Nigel Mansell","Williams Honda","70"
"438","Mexico","12 Oct 1986","Gerhard Berger","Benetton BMW","68"
"439","Australia","26 Oct 1986","Alain Prost","McLaren TAG","82"
"440","Brazil","12 Apr 1987","Alain Prost","McLaren TAG","61"
"441","San Marino","03 May 1987","Nigel Mansell","Williams Honda","59"
"442","Belgium","17 May 1987","Alain Prost","McLaren TAG","43"
"443","Monaco","31 May 1987","Ayrton Senna","Lotus Honda","78"
"444","Detroit","21 Jun 1987","Ayrton Senna","Lotus Honda","63"
"445","France","05 Jul 1987","Nigel Mansell","Williams Honda","80"
"446","Great Britain","12 Jul 1987","Nigel Mansell","Williams Honda","65"
"447","Germany","26 Jul 1987","Nelson Piquet","Williams Honda","44"
"448","Hungary","09 Aug 1987","Nelson Piquet","Williams Honda","76"
"449","Austria","16 Aug 1987","Nigel Mansell","Williams Honda","52"
"450","Italy","06 Sep 1987","Nelson Piquet","Williams Honda","50"
"451","Portugal","20 Sep 1987","Alain Prost","McLaren TAG","70"
"452","Spain","27 Sep 1987","Nigel Mansell","Williams Honda","72"
"453","Mexico","18 Oct 1987","Nigel Mansell","Williams Honda","63"
"454","Japan","01 Nov 1987","Gerhard Berger","Ferrari","51"
"455","Australia","15 Nov 1987","Gerhard Berger","Ferrari","82"
"456","Brazil","03 Apr 1988","Alain Prost","McLaren Honda","60"
"457","San Marino","01 May 1988","Ayrton Senna","McLaren Honda","60"
"458","Monaco","15 May 1988","Alain Prost","McLaren Honda","78"
"459","Mexico","29 May 1988","Alain Prost","McLaren Honda","67"
"460","Canada","12 Jun 1988","Ayrton Senna","McLaren Honda","69"
"461","Detroit","19 Jun 1988","Ayrton Senna","McLaren Honda","63"
"462","France","03 Jul 1988","Alain Prost","McLaren Honda","80"
"463","Great Britain","10 Jul 1988","Ayrton Senna","McLaren Honda","65"
"464","Germany","24 Jul 1988","Ayrton Senna","McLaren Honda","44"
"465","Hungary","07 Aug 1988","Ayrton Senna","McLaren Honda","76"
"466","Belgium","28 Aug 1988","Ayrton Senna","McLaren Honda","43"
"467","Italy","11 Sep 1988","Gerhard Berger","Ferrari","51"
"468","Portugal","25 Sep 1988","Alain Prost","McLaren Honda","70"
"469","Spain","02 Oct 1988","Alain Prost","McLaren Honda","72"
"470","Japan","30 Oct 1988","Ayrton Senna","McLaren Honda","51"
"471","Australia","13 Nov 1988","Alain Prost","McLaren Honda","82"
"472","Brazil","26 Mar 1989","Nigel Mansell","Ferrari","61"
"473","San Marino","23 Apr 1989","Ayrton Senna","McLaren Honda","58"
"474","Monaco","07 May 1989","Ayrton Senna","McLaren Honda","77"
"475","Mexico","28 May 1989","Ayrton Senna","McLaren Honda","69"
"476","United States","04 Jun 1989","Alain Prost","McLaren Honda","75"
"477","Canada","18 Jun 1989","Thierry Boutsen","Williams Renault","69"
"478","France","09 Jul 1989","Alain Prost","McLaren Honda","80"
"479","Great Britain","16 Jul 1989","Alain Prost","McLaren Honda","64"
"480","Germany","30 Jul 1989","Ayrton Senna","McLaren Honda","45"
"481","Hungary","13 Aug 1989","Nigel Mansell","Ferrari","77"
"482","Belgium","27 Aug 1989","Ayrton Senna","McLaren Honda","44"
"483","Italy","10 Sep 1989","Alain Prost","McLaren Honda","53"
"484","Portugal","24 Sep 1989","Gerhard Berger","Ferrari","71"
"485","Spain","01 Oct 1989","Ayrton Senna","McLaren Honda","72"
"486","Japan","22 Oct 1989","Alessandro Nannini","Benetton Ford","53"
"487","Australia","05 Nov 1989","Thierry Boutsen","Williams Renault","70"
"488","United States","11 Mar 1990","Ayrton Senna","McLaren Honda","72"
"489","Brazil","25 Mar 1990","Alain Prost","Ferrari","71"
"490","San Marino","13 May 1990","Riccardo Patrese","Williams Renault","61"
"491","Monaco","27 May 1990","Ayrton Senna","McLaren Honda","78"
"492","Canada","10 Jun 1990","Ayrton Senna","McLaren Honda","70"
"493","Mexico","24 Jun 1990","Alain Prost","Ferrari","69"
"494","France","08 Jul 1990","Alain Prost","Ferrari","80"
"495","Great Britain","15 Jul 1990","Alain Prost","Ferrari","64"
"496","Germany","29 Jul 1990","Ayrton Senna","McLaren Honda","45"
"497","Hungary","12 Aug 1990","Thierry Boutsen","Williams Renault","77"
"498","Belgium","26 Aug 1990","Ayrton Senna","McLaren Honda","44"
"499","Italy","09 Sep 1990","Ayrton Senna","McLaren Honda","53"
"500","Portugal","23 Sep 1990","Nigel Mansell","Ferrari","61"
"501","Spain","30 Sep 1990","Alain Prost","Ferrari","73"
"502","Japan","21 Oct 1990","Nelson Piquet","Benetton Ford","53"
"503","Australia","04 Nov 1990","Nelson Piquet","Benetton Ford","81"
"504","United States","10 Mar 1991","Ayrton Senna","McLaren Honda","81"
"505","Brazil","24 Mar 1991","Ayrton Senna","McLaren Honda","71"
"506","San Marino","28 Apr 1991","Ayrton Senna","McLaren Honda","61"
"507","Monaco","12 May 1991","Ayrton Senna","McLaren Honda","78"
"508","Canada","02 Jun 1991","Nelson Piquet","Benetton Ford","69"
"509","Mexico","16 Jun 1991","Riccardo Patrese","Williams Renault","67"
"510","France","07 Jul 1991","Nigel Mansell","Williams Renault","72"
"511","Great Britain","14 Jul 1991","Nigel Mansell","Williams Renault","59"
"512","Germany","28 Jul 1991","Nigel Mansell","Williams Renault","45"
"513","Hungary","11 Aug 1991","Ayrton Senna","McLaren Honda","77"
"514","Belgium","25 Aug 1991","Ayrton Senna","McLaren Honda","44"
"515","Italy","08 Sep 1991","Nigel Mansell","Williams Renault","53"
"516","Portugal","22 Sep 1991","Riccardo Patrese","Williams Renault","71"
"517","Spain","29 Sep 1991","Nigel Mansell","Williams Renault","65"
"518","Japan","20 Oct 1991","Gerhard Berger","McLaren Honda","53"
"519","Australia","03 Nov 1991","Ayrton Senna","McLaren Honda","14"
"520","South Africa","01 Mar 1992","Nigel Mansell","Williams Renault","72"
"521","Mexico","22 Mar 1992","Nigel Mansell","Williams Renault","69"
"522","Brazil","05 Apr 1992","Nigel Mansell","Williams Renault","71"
"523","Spain","03 May 1992","Nigel Mansell","Williams Renault","65"
"524","San Marino","17 May 1992","Nigel Mansell","Williams Renault","60"
"525","Monaco","31 May 1992","Ayrton Senna","McLaren Honda","78"
"526","Canada","14 Jun 1992","Gerhard Berger","McLaren Honda","69"
"527","France","05 Jul 1992","Nigel Mansell","Williams Renault","69"
"528","Great Britain","12 Jul 1992","Nigel Mansell","Williams Renault","59"
"529","Germany","26 Jul 1992","Nigel Mansell","Williams Renault","45"
"530","Hungary","16 Aug 1992","Ayrton Senna","McLaren Honda","77"
"531","Belgium","30 Aug 1992","Michael Schumacher","Benetton Ford","44"
"532","Italy","13 Sep 1992","Ayrton Senna","McLaren Honda","53"
"533","Portugal","27 Sep 1992","Nigel Mansell","Williams Renault","71"
"534","Japan","25 Oct 1992","Riccardo Patrese","Williams Renault","53"
"535","Australia","08 Nov 1992","Gerhard Berger","McLaren Honda","82"
"536","South Africa","14 Mar 1993","Alain Prost","Williams Renault","72"
"537","Brazil","28 Mar 1993","Ayrton Senna","McLaren Ford","71"
"538","Europe","11 Apr 1993","Ayrton Senna","McLaren Ford","76"
"539","San Marino","25 Apr 1993","Alain Prost","Williams Renault","61"
"540","Spain","09 May 1993","Alain Prost","Williams Renault","65"
"541","Monaco","23 May 1993","Ayrton Senna","McLaren Ford","78"
"542","Canada","13 Jun 1993","Alain Prost","Williams Renault","69"
"543","France","04 Jul 1993","Alain Prost","Williams Renault","72"
"544","Great Britain","11 Jul 1993","Alain Prost","Williams Renault","59"
"545","Germany","25 Jul 1993","Alain Prost","Williams Renault","45"
"546","Hungary","15 Aug 1993","Damon Hill","Williams Renault","77"
"547","Belgium","29 Aug 1993","Damon Hill","Williams Renault","44"
"548","Italy","12 Sep 1993","Damon Hill","Williams Renault","53"
"549","Portugal","26 Sep 1993","Michael Schumacher","Benetton Ford","71"
"550","Japan","24 Oct 1993","Ayrton Senna","McLaren Ford","53"
"551","Australia","07 Nov 1993","Ayrton Senna","McLaren Ford","79"
"552","Brazil","27 Mar 1994","Michael Schumacher","Benetton Ford","71"
"553","Pacific","17 Apr 1994","Michael Schumacher","Benetton Ford","83"
"554","San Marino","01 May 1994","Michael Schumacher","Benetton Ford","58"
"555","Monaco","15 May 1994","Michael Schumacher","Benetton Ford","78"
"556","Spain","29 May 1994","Damon Hill","Williams Renault","65"
"557","Canada","12 Jun 1994","Michael Schumacher","Benetton Ford","69"
"558","France","03 Jul 1994","Michael Schumacher","Benetton Ford","72"
"559","Great Britain","10 Jul 1994","Damon Hill","Williams Renault","60"
"560","Germany","31 Jul 1994","Gerhard Berger","Ferrari","45"
"561","Hungary","14 Aug 1994","Michael Schumacher","Benetton Ford","77"
"562","Belgium","28 Aug 1994","Damon Hill","Williams Renault","44"
"563","Italy","11 Sep 1994","Damon Hill","Williams Renault","53"
"564","Portugal","25 Sep 1994","Damon Hill","Williams Renault","71"
"565","Europe","16 Oct 1994","Michael Schumacher","Benetton Ford","69"
"566","Japan","06 Nov 1994","Damon Hill","Williams Renault","50"
"567","Australia","13 Nov 1994","Nigel Mansell","Williams Renault","81"
"568","Brazil","26 Mar 1995","Michael Schumacher","Benetton Renault","71"
"569","Argentina","09 Apr 1995","Damon Hill","Williams Renault","71"
"570","San Marino","30 Apr 1995","Damon Hill","Williams Renault","63"
"571","Spain","14 May 1995","Michael Schumacher","Benetton Renault","65"
"572","Monaco","28 May 1995","Michael Schumacher","Benetton Renault","78"
"573","Canada","11 Jun 1995","Jean Alesi","Ferrari","69"
"574","France","02 Jul 1995","Michael Schumacher","Benetton Renault","72"
"575","Great Britain","16 Jul 1995","Johnny Herbert","Benetton Renault","61"
"576","Germany","30 Jul 1995","Michael Schumacher","Benetton Renault","45"
"577","Hungary","13 Aug 1995","Damon Hill","Williams Renault","77"
"578","Belgium","27 Aug 1995","Michael Schumacher","Benetton Renault","44"
"579","Italy","10 Sep 1995","Johnny Herbert","Benetton Renault","53"
"580","Portugal","24 Sep 1995","David Coulthard","Williams Renault","71"
"581","Europe","01 Oct 1995","Michael Schumacher","Benetton Renault","67"
"582","Pacific","22 Oct 1995","Michael Schumacher","Benetton Renault","83"
"583","Japan","29 Oct 1995","Michael Schumacher","Benetton Renault","53"
"584","Australia","12 Nov 1995","Damon Hill","Williams Renault","81"
"585","Australia","10 Mar 1996","Damon Hill","Williams Renault","58"
"586","Brazil","31 Mar 1996","Damon Hill","Williams Renault","71"
"587","Argentina","07 Apr 1996","Damon Hill","Williams Renault","72"
"588","Europe","28 Apr 1996","Jacques Villeneuve","Williams Renault","67"
"589","San Marino","05 May 1996","Damon Hill","Williams Renault","63"
"590","Monaco","19 May 1996","Olivier Panis","Ligier Mugen Honda","75"
"591","Spain","02 Jun 1996","Michael Schumacher","Ferrari","65"
"592","Canada","16 Jun 1996","Damon Hill","Williams Renault","69"
"593","France","30 Jun 1996","Damon Hill","Williams Renault","72"
"594","Great Britain","14 Jul 1996","Jacques Villeneuve","Williams Renault","61"
"595","Germany","28 Jul 1996","Damon Hill","Williams Renault","45"
"596","Hungary","11 Aug 1996","Jacques Villeneuve","Williams Renault","77"
"597","Belgium","25 Aug 1996","Michael Schumacher","Ferrari","44"
"598","Italy","08 Sep 1996","Michael Schumacher","Ferrari","53"
"599","Portugal","22 Sep 1996","Jacques Villeneuve","Williams Renault","70"
"600","Japan","13 Oct 1996","Damon Hill","Williams Renault","52"
"601","Australia","09 Mar 1997","David Coulthard","McLaren Mercedes","58"
"602","Brazil","30 Mar 1997","Jacques Villeneuve","Williams Renault","72"
"603","Argentina","13 Apr 1997","Jacques Villeneuve","Williams Renault","72"
"604","San Marino","27 Apr 1997","Heinz-Harald Frentzen","Williams Renault","62"
"605","Monaco","11 May 1997","Michael Schumacher","Ferrari","62"
"606","Spain","25 May 1997","Jacques Villeneuve","Williams Renault","64"
"607","Canada","15 Jun 1997","Michael Schumacher","Ferrari","54"
"608","France","29 Jun 1997","Michael Schumacher","Ferrari","72"
"609","Great Britain","13 Jul 1997","Jacques Villeneuve","Williams Renault","59"
"610","Germany","27 Jul 1997","Gerhard Berger","Benetton Renault","45"
"611","Hungary","10 Aug 1997","Jacques Villeneuve","Williams Renault","77"
"612","Belgium","24 Aug 1997","Michael Schumacher","Ferrari","44"
"613","Italy","07 Sep 1997","David Coulthard","McLaren Mercedes","53"
"614","Austria","21 Sep 1997","Jacques Villeneuve","Williams Renault","71"
"615","Luxembourg","28 Sep 1997","Jacques Villeneuve","Williams Renault","67"
"616","Japan","12 Oct 1997","Michael Schumacher","Ferrari","53"
"617","Europe","26 Oct 1997","Mika Hakkinen","McLaren Mercedes","69"
"618","Australia","08 Mar 1998","Mika Hakkinen","McLaren Mercedes","58"
"619","Brazil","29 Mar 1998","Mika Hakkinen","McLaren Mercedes","72"
"620","Argentina","12 Apr 1998","Michael Schumacher","Ferrari","72"
"621","San Marino","26 Apr 1998","David Coulthard","McLaren Mercedes","62"
"622","Spain","10 May 1998","Mika Hakkinen","McLaren Mercedes","65"
"623","Monaco","24 May 1998","Mika Hakkinen","McLaren Mercedes","78"
"624","Canada","07 Jun 1998","Michael Schumacher","Ferrari","69"
"625","France","28 Jun 1998","Michael Schumacher","Ferrari","71"
"626","Great Britain","12 Jul 1998","Michael Schumacher","Ferrari","60"
"627","Austria","26 Jul 1998","Mika Hakkinen","McLaren Mercedes","71"
"628","Germany","02 Aug 1998","Mika Hakkinen","McLaren Mercedes","45"
"629","Hungary","16 Aug 1998","Michael Schumacher","Ferrari","77"
"630","Belgium","30 Aug 1998","Damon Hill","Jordan Mugen Honda","44"
"631","Italy","13 Sep 1998","Michael Schumacher","Ferrari","53"
"632","Luxembourg","27 Sep 1998","Mika Hakkinen","McLaren Mercedes","67"
"633","Japan","01 Nov 1998","Mika Hakkinen","McLaren Mercedes","51"
"634","Australia","07 Mar 1999","Eddie Irvine","Ferrari","57"
"635","Brazil","11 Apr 1999","Mika Hakkinen","McLaren Mercedes","72"
"636","San Marino","02 May 1999","Michael Schumacher","Ferrari","62"
"637","Monaco","16 May 1999","Michael Schumacher","Ferrari","78"
"638","Spain","30 May 1999","Mika Hakkinen","McLaren Mercedes","65"
"639","Canada","13 Jun 1999","Mika Hakkinen","McLaren Mercedes","69"
"640","France","27 Jun 1999","Heinz-Harald Frentzen","Jordan Mugen Honda","72"
"641","Great Britain","11 Jul 1999","David Coulthard","McLaren Mercedes","60"
"642","Austria","25 Jul 1999","Eddie Irvine","Ferrari","71"
"643","Germany","01 Aug 1999","Eddie Irvine","Ferrari","45"
"644","Hungary","15 Aug 1999","Mika Hakkinen","McLaren Mercedes","77"
"645","Belgium","29 Aug 1999","David Coulthard","McLaren Mercedes","44"
"646","Italy","12 Sep 1999","Heinz-Harald Frentzen","Jordan Mugen Honda","53"
"647","Europe","26 Sep 1999","Johnny Herbert","Stewart Ford","66"
"648","Malaysia","17 Oct 1999","Eddie Irvine","Ferrari","56"
"649","Japan","31 Oct 1999","Mika Hakkinen","McLaren Mercedes","53"
"650","Australia","12 Mar 2000","Michael Schumacher","Ferrari","58"
"651","Brazil","26 Mar 2000","Michael Schumacher","Ferrari","71"
"652","San Marino","09 Apr 2000","Michael Schumacher","Ferrari","62"
"653","Great Britain","23 Apr 2000","David Coulthard","McLaren Mercedes","60"
"654","Spain","07 May 2000","Mika Hakkinen","McLaren Mercedes","65"
"655","Europe","21 May 2000","Michael Schumacher","Ferrari","67"
"656","Monaco","04 Jun 2000","David Coulthard","McLaren Mercedes","78"
"657","Canada","18 Jun 2000","Michael Schumacher","Ferrari","69"
"658","France","02 Jul 2000","David Coulthard","McLaren Mercedes","72"
"659","Austria","16 Jul 2000","Mika Hakkinen","McLaren Mercedes","71"
"660","Germany","30 Jul 2000","Rubens Barrichello","Ferrari","45"
"661","Hungary","13 Aug 2000","Mika Hakkinen","McLaren Mercedes","77"
"662","Belgium","27 Aug 2000","Mika Hakkinen","McLaren Mercedes","44"
"663","Italy","10 Sep 2000","Michael Schumacher","Ferrari","53"
"664","United States","24 Sep 2000","Michael Schumacher","Ferrari","73"
"665","Japan","08 Oct 2000","Michael Schumacher","Ferrari","53"
"666","Malaysia","22 Oct 2000","Michael Schumacher","Ferrari","56"
"667","Australia","04 Mar 2001","Michael Schumacher","Ferrari","58"
"668","Malaysia","18 Mar 2001","Michael Schumacher","Ferrari","55"
"669","Brazil","01 Apr 2001","David Coulthard","McLaren Mercedes","71"
"670","San Marino","15 Apr 2001","Ralf Schumacher","Williams BMW","62"
"671","Spain","29 Apr 2001","Michael Schumacher","Ferrari","65"
"672","Austria","13 May 2001","David Coulthard","McLaren Mercedes","71"
"673","Monaco","27 May 2001","Michael Schumacher","Ferrari","78"
"674","Canada","10 Jun 2001","Ralf Schumacher","Williams BMW","69"
"675","Europe","24 Jun 2001","Michael Schumacher","Ferrari","67"
"676","France","01 Jul 2001","Michael Schumacher","Ferrari","72"
"677","Great Britain","15 Jul 2001","Mika Hakkinen","McLaren Mercedes","60"
"678","Germany","29 Jul 2001","Ralf Schumacher","Williams BMW","45"
"679","Hungary","19 Aug 2001","Michael Schumacher","Ferrari","77"
"680","Belgium","02 Sep 2001","Michael Schumacher","Ferrari","36"
"681","Italy","16 Sep 2001","Juan Pablo Montoya","Williams BMW","53"
"682","United States","30 Sep 2001","Mika Hakkinen","McLaren Mercedes","73"
"683","Japan","14 Oct 2001","Michael Schumacher","Ferrari","53"
"684","Australia","03 Mar 2002","Michael Schumacher","Ferrari","58"
"685","Malaysia","17 Mar 2002","Ralf Schumacher","Williams BMW","56"
"686","Brazil","31 Mar 2002","Michael Schumacher","Ferrari","71"
"687","San Marino","14 Apr 2002","Michael Schumacher","Ferrari","62"
"688","Spain","28 Apr 2002","Michael Schumacher","Ferrari","65"
"689","Austria","12 May 2002","Michael Schumacher","Ferrari","71"
"690","Monaco","26 May 2002","David Coulthard","McLaren Mercedes","78"
"691","Canada","09 Jun 2002","Michael Schumacher","Ferrari","70"
"692","Europe","23 Jun 2002","Rubens Barrichello","Ferrari","60"
"693","Great Britain","07 Jul 2002","Michael Schumacher","Ferrari","60"
"694","France","21 Jul 2002","Michael Schumacher","Ferrari","72"
"695","Germany","28 Jul 2002","Michael Schumacher","Ferrari","67"
"696","Hungary","18 Aug 2002","Rubens Barrichello","Ferrari","77"
"697","Belgium","01 Sep 2002","Michael Schumacher","Ferrari","44"
"698","Italy","15 Sep 2002","Rubens Barrichello","Ferrari","53"
"699","United States","29 Sep 2002","Rubens Barrichello","Ferrari","73"
"700","Japan","13 Oct 2002","Michael Schumacher","Ferrari","53"
"701","Australia","09 Mar 2003","David Coulthard","McLaren Mercedes","58"
"702","Malaysia","23 Mar 2003","Kimi Räikkönen","McLaren Mercedes","56"
"703","Brazil","06 Apr 2003","Giancarlo Fisichella","Jordan Ford","54"
"704","San Marino","20 Apr 2003","Michael Schumacher","Ferrari","62"
"705","Spain","04 May 2003","Michael Schumacher","Ferrari","65"
"706","Austria","18 May 2003","Michael Schumacher","Ferrari","69"
"707","Monaco","01 Jun 2003","Juan Pablo Montoya","Williams BMW","78"
"708","Canada","15 Jun 2003","Michael Schumacher","Ferrari","70"
"709","Europe","29 Jun 2003","Ralf Schumacher","Williams BMW","60"
"710","France","06 Jul 2003","Ralf Schumacher","Williams BMW","70"
"711","Great Britain","20 Jul 2003","Rubens Barrichello","Ferrari","60"
"712","Germany","03 Aug 2003","Juan Pablo Montoya","Williams BMW","67"
"713","Hungary","24 Aug 2003","Fernando Alonso","Renault","70"
"714","Italy","14 Sep 2003","Michael Schumacher","Ferrari","53"
"715","United States","28 Sep 2003","Michael Schumacher","Ferrari","73"
"716","Japan","12 Oct 2003","Rubens Barrichello","Ferrari","53"
"717","Australia","07 Mar 2004","Michael Schumacher","Ferrari","58"
"718","Malaysia","21 Mar 2004","Michael Schumacher","Ferrari","56"
"719","Bahrain","04 Apr 2004","Michael Schumacher","Ferrari","57"
"720","San Marino","25 Apr 2004","Michael Schumacher","Ferrari","62"
"721","Spain","09 May 2004","Michael Schumacher","Ferrari","66"
"722","Monaco","23 May 2004","Jarno Trulli","Renault","77"
"723","Europe","30 May 2004","Michael Schumacher","Ferrari","60"
"724","Canada","13 Jun 2004","Michael Schumacher","Ferrari","70"
"725","United States","20 Jun 2004","Michael Schumacher","Ferrari","73"
"726","France","04 Jul 2004","Michael Schumacher","Ferrari","70"
"727","Great Britain","11 Jul 2004","Michael Schumacher","Ferrari","60"
"728","Germany","25 Jul 2004","Michael Schumacher","Ferrari","66"
"729","Hungary","15 Aug 2004","Michael Schumacher","Ferrari","70"
"730","Belgium","29 Aug 2004","Kimi Räikkönen","McLaren Mercedes","44"
"731","Italy","12 Sep 2004","Rubens Barrichello","Ferrari","53"
"732","China","26 Sep 2004","Rubens Barrichello","Ferrari","56"
"733","Japan","10 Oct 2004","Michael Schumacher","Ferrari","53"
"734","Brazil","24 Oct 2004","Juan Pablo Montoya","Williams BMW","71"
"735","Australia","06 Mar 2005","Giancarlo Fisichella","Renault","57"
"736","Malaysia","20 Mar 2005","Fernando Alonso","Renault","56"
"737","Bahrain","03 Apr 2005","Fernando Alonso","Renault","57"
"738","San Marino","24 Apr 2005","Fernando Alonso","Renault","62"
"739","Spain","08 May 2005","Kimi Räikkönen","McLaren Mercedes","66"
"740","Monaco","22 May 2005","Kimi Räikkönen","McLaren Mercedes","78"
"741","Europe","29 May 2005","Fernando Alonso","Renault","59"
"742","Canada","12 Jun 2005","Kimi Räikkönen","McLaren Mercedes","70"
"743","United States","19 Jun 2005","Michael Schumacher","Ferrari","73"
"744","France","03 Jul 2005","Fernando Alonso","Renault","70"
"745","Great Britain","10 Jul 2005","Juan Pablo Montoya","McLaren Mercedes","60"
"746","Germany","24 Jul 2005","Fernando Alonso","Renault","67"
"747","Hungary","31 Jul 2005","Kimi Räikkönen","McLaren Mercedes","70"
"748","Turkey","21 Aug 2005","Kimi Räikkönen","McLaren Mercedes","58"
"749","Italy","04 Sep 2005","Juan Pablo Montoya","McLaren Mercedes","53"
"750","Belgium","11 Sep 2005","Kimi Räikkönen","McLaren Mercedes","44"
"751","Brazil","25 Sep 2005","Juan Pablo Montoya","McLaren Mercedes","71"
"752","Japan","09 Oct 2005","Kimi Räikkönen","McLaren Mercedes","53"
"753","China","16 Oct 2005","Fernando Alonso","Renault","56"
"754","Bahrain","12 Mar 2006","Fernando Alonso","Renault","57"
"755","Malaysia","19 Mar 2006","Giancarlo Fisichella","Renault","56"
"756","Australia","02 Apr 2006","Fernando Alonso","Renault","57"
"757","San Marino","23 Apr 2006","Michael Schumacher","Ferrari","62"
"758","Europe","07 May 2006","Michael Schumacher","Ferrari","60"
"759","Spain","14 May 2006","Fernando Alonso","Renault","66"
"760","Monaco","28 May 2006","Fernando Alonso","Renault","78"
"761","Great Britain","11 Jun 2006","Fernando Alonso","Renault","60"
"762","Canada","25 Jun 2006","Fernando Alonso","Renault","70"
"763","United States","02 Jul 2006","Michael Schumacher","Ferrari","73"
"764","France","16 Jul 2006","Michael Schumacher","Ferrari","70"
"765","Germany","30 Jul 2006","Michael Schumacher","Ferrari","67"
"766","Hungary","06 Aug 2006","Jenson Button","Honda","70"
"767","Turkey","27 Aug 2006","Felipe Massa","Ferrari","58"
"768","Italy","10 Sep 2006","Michael Schumacher","Ferrari","53"
"769","China","01 Oct 2006","Michael Schumacher","Ferrari","56"
"770","Japan","08 Oct 2006","Fernando Alonso","Renault","53"
"771","Brazil","22 Oct 2006","Felipe Massa","Ferrari","71"
"772","Australia","18 Mar 2007","Kimi Räikkönen","Ferrari","58"
"773","Malaysia","08 Apr 2007","Fernando Alonso","McLaren Mercedes","56"
"774","Bahrain","15 Apr 2007","Felipe Massa","Ferrari","57"
"775","Spain","13 May 2007","Felipe Massa","Ferrari","65"
"776","Monaco","27 May 2007","Fernando Alonso","McLaren Mercedes","78"
"777","Canada","10 Jun 2007","Lewis Hamilton","McLaren Mercedes","70"
"778","United States","17 Jun 2007","Lewis Hamilton","McLaren Mercedes","73"
"779","France","01 Jul 2007","Kimi Räikkönen","Ferrari","70"
"780","Great Britain","08 Jul 2007","Kimi Räikkönen","Ferrari","59"
"781","Europe","22 Jul 2007","Fernando Alonso","McLaren Mercedes","60"
"782","Hungary","05 Aug 2007","Lewis Hamilton","McLaren Mercedes","70"
"783","Turkey","26 Aug 2007","Felipe Massa","Ferrari","58"
"784","Italy","09 Sep 2007","Fernando Alonso","McLaren Mercedes","53"
"785","Belgium","16 Sep 2007","Kimi Räikkönen","Ferrari","44"
"786","Japan","30 Sep 2007","Lewis Hamilton","McLaren Mercedes","67"
"787","China","07 Oct 2007","Kimi Räikkönen","Ferrari","56"
"788","Brazil","21 Oct 2007","Kimi Räikkönen","Ferrari","71"
"789","Australia","16 Mar 2008","Lewis Hamilton","McLaren Mercedes","58"
"790","Malaysia","23 Mar 2008","Kimi Räikkönen","Ferrari","56"
"791","Bahrain","06 Apr 2008","Felipe Massa","Ferrari","57"
"792","Spain","27 Apr 2008","Kimi Räikkönen","Ferrari","66"
"793","Turkey","11 May 2008","Felipe Massa","Ferrari","58"
"794","Monaco","25 May 2008","Lewis Hamilton","McLaren Mercedes","76"
"795","Canada","08 Jun 2008","Robert Kubica","Sauber BMW","70"
"796","France","22 Jun 2008","Felipe Massa","Ferrari","70"
"797","Great Britain","06 Jul 2008","Lewis Hamilton","McLaren Mercedes","60"
"798","Germany","20 Jul 2008","Lewis Hamilton","McLaren Mercedes","67"
"799","Hungary","03 Aug 2008","Heikki Kovalainen","McLaren Mercedes","70"
"800","Europe","24 Aug 2008","Felipe Massa","Ferrari","57"
"801","Belgium","07 Sep 2008","Felipe Massa","Ferrari","44"
"802","Italy","14 Sep 2008","Sebastian Vettel","STR Ferrari","53"
"803","Singapore","28 Sep 2008","Fernando Alonso","Renault","61"
"804","Japan","12 Oct 2008","Fernando Alonso","Renault","67"
"805","China","19 Oct 2008","Lewis Hamilton","McLaren Mercedes","56"
"806","Brazil","02 Nov 2008","Felipe Massa","Ferrari","71"
"807","Australia","29 Mar 2009","Jenson Button","Brawn Mercedes","58"
"808","Malaysia","05 Apr 2009","Jenson Button","Brawn Mercedes","31"
"809","China","19 Apr 2009","Sebastian Vettel","RBR Renault","56"
"810","Bahrain","26 Apr 2009","Jenson Button","Brawn Mercedes","57"
"811","Spain","10 May 2009","Jenson Button","Brawn Mercedes","66"
"812","Monaco","24 May 2009","Jenson Button","Brawn Mercedes","78"
"813","Turkey","07 Jun 2009","Jenson Button","Brawn Mercedes","58"
"814","Great Britain","21 Jun 2009","Sebastian Vettel","RBR Renault","60"
"815","Germany","12 Jul 2009","Mark Webber","RBR Renault","60"
"816","Hungary","26 Jul 2009","Lewis Hamilton","McLaren Mercedes","70"
"817","Europe","23 Aug 2009","Rubens Barrichello","Brawn Mercedes","57"
"818","Belgium","30 Aug 2009","Kimi Räikkönen","Ferrari","44"
"819","Italy","13 Sep 2009","Rubens Barrichello","Brawn Mercedes","53"
"820","Singapore","27 Sep 2009","Lewis Hamilton","McLaren Mercedes","61"
"821","Japan","04 Oct 2009","Sebastian Vettel","RBR Renault","53"
"822","Brazil","18 Oct 2009","Mark Webber","RBR Renault","71"
"823","Abu Dhabi","01 Nov 2009","Sebastian Vettel","RBR Renault","55"
"824","Bahrain","14 Mar 2010","Fernando Alonso","Ferrari","49"
"825","Australia","28 Mar 2010","Jenson Button","McLaren Mercedes","58"
"826","Malaysia","04 Apr 2010","Sebastian Vettel","RBR Renault","56"
"827","China","18 Apr 2010","Jenson Button","McLaren Mercedes","56"
"828","Spain","09 May 2010","Mark Webber","RBR Renault","66"
"829","Monaco","16 May 2010","Mark Webber","RBR Renault","78"
"830","Turkey","30 May 2010","Lewis Hamilton","McLaren Mercedes","58"
"831","Canada","13 Jun 2010","Lewis Hamilton","McLaren Mercedes","70"
"832","Europe","27 Jun 2010","Sebastian Vettel","RBR Renault","57"
"833","Great Britain","11 Jul 2010","Mark Webber","RBR Renault","52"
"834","Germany","25 Jul 2010","Fernando Alonso","Ferrari","67"
"835","Hungary","01 Aug 2010","Mark Webber","RBR Renault","70"
"836","Belgium","29 Aug 2010","Lewis Hamilton","McLaren Mercedes","44"
"837","Italy","12 Sep 2010","Fernando Alonso","Ferrari","53"
"838","Singapore","26 Sep 2010","Fernando Alonso","Ferrari","61"
"839","Japan","10 Oct 2010","Sebastian Vettel","RBR Renault","53"
"840","South Korea","24 Oct 2010","Fernando Alonso","Ferrari","55"
"841","Brazil","07 Nov 2010","Sebastian Vettel","RBR Renault","71"
"842","Abu Dhabi","14 Nov 2010","Sebastian Vettel","RBR Renault","55"
"843","Australia","27 Mar 2011","Sebastian Vettel","Red Bull Racing Renault","58"
"844","Malaysia","10 Apr 2011","Sebastian Vettel","Red Bull Racing Renault","56"
"845","China","17 Apr 2011","Lewis Hamilton","McLaren Mercedes","56"
"846","Turkey","08 May 2011","Sebastian Vettel","Red Bull Racing Renault","58"
"847","Spain","22 May 2011","Sebastian Vettel","Red Bull Racing Renault","66"
"848","Monaco","29 May 2011","Sebastian Vettel","Red Bull Racing Renault","78"
"849","Canada","12 Jun 2011","Jenson Button","McLaren Mercedes","70"
"850","Europe","26 Jun 2011","Sebastian Vettel","Red Bull Racing Renault","57"
"851","Great Britain","10 Jul 2011","Fernando Alonso","Ferrari","52"
"852","Germany","24 Jul 2011","Lewis Hamilton","McLaren Mercedes","60"
"853","Hungary","31 Jul 2011","Jenson Button","McLaren Mercedes","70"
"854","Belgium","28 Aug 2011","Sebastian Vettel","Red Bull Racing Renault","44"
"855","Italy","11 Sep 2011","Sebastian Vettel","Red Bull Racing Renault","53"
"856","Singapore","25 Sep 2011","Sebastian Vettel","Red Bull Racing Renault","61"
"857","Japan","09 Oct 2011","Jenson Button","McLaren Mercedes","53"
"858","South Korea","16 Oct 2011","Sebastian Vettel","Red Bull Racing Renault","55"
"859","India","30 Oct 2011","Sebastian Vettel","Red Bull Racing Renault","60"
"860","Abu Dhabi","13 Nov 2011","Lewis Hamilton","McLaren Mercedes","55"
"861","Brazil","27 Nov 2011","Mark Webber","Red Bull Racing Renault","71"
"862","Australia","18 Mar 2012","Jenson Button","McLaren Mercedes","58"
"863","Malaysia","25 Mar 2012","Fernando Alonso","Ferrari","56"
"864","China","15 Apr 2012","Nico Rosberg","Mercedes","56"
"865","Bahrain","22 Apr 2012","Sebastian Vettel","Red Bull Racing Renault","57"
"866","Spain","13 May 2012","Pastor Maldonado","Williams Renault","66"
"867","Monaco","27 May 2012","Mark Webber","Red Bull Racing Renault","78"
"868","Canada","10 Jun 2012","Lewis Hamilton","McLaren Mercedes","70"
"869","Europe","24 Jun 2012","Fernando Alonso","Ferrari","57"
"870","Great Britain","08 Jul 2012","Mark Webber","Red Bull Racing Renault","52"
"871","Germany","22 Jul 2012","Fernando Alonso","Ferrari","67"
"872","Hungary","29 Jul 2012","Lewis Hamilton","McLaren Mercedes","69"
"873","Belgium","02 Sep 2012","Jenson Button","McLaren Mercedes","44"
"874","Italy","09 Sep 2012","Lewis Hamilton","McLaren Mercedes","53"
"875","Singapore","23 Sep 2012","Sebastian Vettel","Red Bull Racing Renault","59"
"876","Japan","07 Oct 2012","Sebastian Vettel","Red Bull Racing Renault","53"
"877","South Korea","14 Oct 2012","Sebastian Vettel","Red Bull Racing Renault","55"
"878","India","28 Oct 2012","Sebastian Vettel","Red Bull Racing Renault","60"
"879","Abu Dhabi","04 Nov 2012","Kimi Räikkönen","Lotus Renault","55"
"880","United States","18 Nov 2012","Lewis Hamilton","McLaren Mercedes","56"
"881","Brazil","25 Nov 2012","Jenson Button","McLaren Mercedes","71"
"882","Australia","17 Mar 2013","Kimi Räikkönen","Lotus Renault","58"
"883","Malaysia","24 Mar 2013","Sebastian Vettel","Red Bull Racing Renault","56"
"884","China","14 Apr 2013","Fernando Alonso","Ferrari","56"
"885","Bahrain","21 Apr 2013","Sebastian Vettel","Red Bull Racing Renault","57"
"886","Spain","12 May 2013","Fernando Alonso","Ferrari","66"
"887","Monaco","26 May 2013","Nico Rosberg","Mercedes","78"
"888","Canada","09 Jun 2013","Sebastian Vettel","Red Bull Racing Renault","70"
"889","Great Britain","30 Jun 2013","Nico Rosberg","Mercedes","52"
"890","Germany","07 Jul 2013","Sebastian Vettel","Red Bull Racing Renault","60"
"891","Hungary","28 Jul 2013","Lewis Hamilton","Mercedes","70"
"892","Belgium","25 Aug 2013","Sebastian Vettel","Red Bull Racing Renault","44"
"893","Italy","08 Sep 2013","Sebastian Vettel","Red Bull Racing Renault","53"
"894","Singapore","22 Sep 2013","Sebastian Vettel","Red Bull Racing Renault","61"
"895","South Korea","06 Oct 2013","Sebastian Vettel","Red Bull Racing Renault","55"
"896","Japan","13 Oct 2013","Sebastian Vettel","Red Bull Racing Renault","53"
"897","India","27 Oct 2013","Sebastian Vettel","Red Bull Racing Renault","60"
"898","Abu Dhabi","03 Nov 2013","Sebastian Vettel","Red Bull Racing Renault","55"
"899","United States","17 Nov 2013","Sebastian Vettel","Red Bull Racing Renault","56"
"900","Brazil","24 Nov 2013","Sebastian Vettel","Red Bull Racing Renault","71"
"901","Australia","16 Mar 2014","Nico Rosberg","Mercedes","57"
"902","Malaysia","30 Mar 2014","Lewis Hamilton","Mercedes","56"
"903","Bahrain","06 Apr 2014","Lewis Hamilton","Mercedes","57"
"904","China","20 Apr 2014","Lewis Hamilton","Mercedes","54"
"905","Spain","11 May 2014","Lewis Hamilton","Mercedes","66"
"906","Monaco","25 May 2014","Nico Rosberg","Mercedes","78"
"907","Canada","08 Jun 2014","Daniel Ricciardo","Red Bull Racing Renault","70"
"908","Austria","22 Jun 2014","Nico Rosberg","Mercedes","71"
"909","Great Britain","06 Jul 2014","Lewis Hamilton","Mercedes","52"
"910","Germany","20 Jul 2014","Nico Rosberg","Mercedes","67"
"911","Hungary","27 Jul 2014","Daniel Ricciardo","Red Bull Racing Renault","70"
"912","Belgium","24 Aug 2014","Daniel Ricciardo","Red Bull Racing Renault","44"
"913","Italy","07 Sep 2014","Lewis Hamilton","Mercedes","53"
"914","Singapore","21 Sep 2014","Lewis Hamilton","Mercedes","60"
"915","Japan","05 Oct 2014","Lewis Hamilton","Mercedes","44"
"916","Russia","21 Oct 2014","Lewis Hamilton","Mercedes","53"
"917","United States","02 Nov 2014","Lewis Hamilton","Mercedes","56"
"918","Brazil","09 Nov 2014","Nico Rosberg","Mercedes","71"
"919","Abu Dhabi","23 Nov 2014","Lewis Hamilton","Mercedes","55"
"920","Australia","15 Mar 2015","Lewis Hamilton","Mercedes","58"
"921","Malaysia","29 Mar 2015","Sebastian Vettel","Ferrari","56"
"922","China","12 Apr 2015","Lewis Hamilton","Mercedes","56"
"923","Bahrain","19 Apr 2015","Lewis Hamilton","Mercedes","57"
"924","Spain","10 May 2015","Nico Rosberg","Mercedes","66"
"925","Monaco","24 May 2015","Nico Rosberg","Mercedes","78"
"926","Canada","07 Jun 2015","Lewis Hamilton","Mercedes","70"
"927","Austria","21 Jun 2015","Nico Rosberg","Mercedes","71"
"928","Great Britain","05 Jul 2015","Lewis Hamilton","Mercedes","52"
"929","Hungary","26 Jul 2015","Sebastian Vettel","Ferrari","69"
"930","Belgium","23 Aug 2015","Lewis Hamilton","Mercedes","43"
"931","Italy","06 Sep 2015","Lewis Hamilton","Mercedes","53"
"932","Singapore","20 Sep 2015","Sebastian Vettel","Ferrari","61"
"933","Japan","27 Sep 2015","Lewis Hamilton","Mercedes","53"
"934","Russia","11 Oct 2015","Lewis Hamilton","Mercedes","53"
"935","United States","25 Oct 2015","Lewis Hamilton","Mercedes","56"
"936","Mexico","01 Nov 2015","Nico Rosberg","Mercedes","71"
"937","Brazil","15 Nov 2015","Nico Rosberg","Mercedes","71"
"938","Abu Dhabi","29 Nov 2015","Nico Rosberg","Mercedes","55"
"939","Australia","20 Mar 2016","Nico Rosberg","Mercedes","57"
"940","Bahrain","03 Apr 2016","Nico Rosberg","Mercedes","57"
"941","China","17 Apr 2016","Nico Rosberg","Mercedes","56"
"942","Russia","01 May 2016","Nico Rosberg","Mercedes","53"
"943","Spain","15 May 2016","Max Verstappen","Red Bull Racing TAG Heuer","66"
"944","Monaco","29 May 2016","Lewis Hamilton","Mercedes","78"
"945","Canada","12 Jun 2016","Lewis Hamilton","Mercedes","70"
"946","Europe","19 Jun 2016","Nico Rosberg","Mercedes","51"
"947","Austria","03 Jul 2016","Lewis Hamilton","Mercedes","71"
"948","Great Britain","10 Jul 2016","Lewis Hamilton","Mercedes","52"
"949","Hungary","24 Jul 2016","Lewis Hamilton","Mercedes","70"
"950","Germany","31 Jul 2016","Lewis Hamilton","Mercedes","67"
"951","Belgium","28 Aug 2016","Nico Rosberg","Mercedes","44"
"952","Italy","04 Sep 2016","Nico Rosberg","Mercedes","53"
"953","Singapore","18 Sep 2016","Nico Rosberg","Mercedes","61"
"954","Malaysia","02 Oct 2016","Daniel Ricciardo","Red Bull Racing TAG Heuer","56"
"955","Japan","09 Oct 2016","Nico Rosberg","Mercedes","53"
"956","United States","23 Oct 2016","Lewis Hamilton","Mercedes","56"
"957","Mexico","30 Oct 2016","Lewis Hamilton","Mercedes","71"
"958","Brazil","13 Nov 2016","Lewis Hamilton","Mercedes","71"
"959","Abu Dhabi","27 Nov 2016","Lewis Hamilton","Mercedes","55"
"960","Australia","26 Mar 2017","Sebastian Vettel","Ferrari","57"
"961","China","09 Apr 2017","Lewis Hamilton","Mercedes","56"
"962","Bahrain","16 Apr 2017","Sebastian Vettel","Ferrari","57"
"963","Russia","30 Apr 2017","Valtteri Bottas","Mercedes","52"
"964","Spain","14 May 2017","Lewis Hamilton","Mercedes","66"
"965","Monaco","28 May 2017","Sebastian Vettel","Ferrari","78"
"966","Canada","11 Jun 2017","Lewis Hamilton","Mercedes","70"
"967","Azerbaijan","25 Jun 2017","Daniel Ricciardo","Red Bull Racing TAG Heuer","51"
"968","Austria","09 Jul 2017","Valtteri Bottas","Mercedes","71"
"969","Great Britain","16 Jul 2017","Lewis Hamilton","Mercedes","51"
"970","Hungary","30 Jul 2017","Sebastian Vettel","Ferrari","70"
"971","Belgium","27 Aug 2017","Lewis Hamilton","Mercedes","44"
"972","Italy","03 Sep 2017","Lewis Hamilton","Mercedes","53"
"973","Singapore","17 Sep 2017","Lewis Hamilton","Mercedes","58"
"974","Malaysia","01 Oct 2017","Max Verstappen","Red Bull Racing TAG Heuer","56"
"975","Japan","08 Oct 2017","Lewis Hamilton","Mercedes","53"
"976","United States","22 Oct 2017","Lewis Hamilton","Mercedes","56"
"977","Mexico","29 Oct 2017","Max Verstappen","Red Bull Racing TAG Heuer","71"
"978","Brazil","12 Nov 2017","Sebastian Vettel","Ferrari","71"
"979","Abu Dhabi","26 Nov 2017","Valtteri Bottas","Mercedes","55"
"980","Australia","25 Mar 2018","Sebastian Vettel","Ferrari","58"
"981","Bahrain","08 Apr 2018","Sebastian Vettel","Ferrari","57"
"982","China","15 Apr 2018","Daniel Ricciardo","Red Bull Racing TAG Heuer","56"
"983","Azerbaijan","29 Apr 2018","Lewis Hamilton","Mercedes","51"
"984","Spain","13 May 2018","Lewis Hamilton","Mercedes","66"
"985","Monaco","27 May 2018","Daniel Ricciardo","Red Bull Racing TAG Heuer","78"
"986","Canada","10 Jun 2018","Sebastian Vettel","Ferrari","68"
"987","France","24 Jun 2018","Lewis Hamilton","Mercedes","53"
"988","Austria","01 Jul 2018","Max Verstappen","Red Bull Racing TAG Heuer","71"
"989","Great Britain","08 Jul 2018","Sebastian Vettel","Ferrari","52"
"990","Germany","22 Jul 2018","Lewis Hamilton","Mercedes","67"
"991","Hungary","29 Jul 2018","Lewis Hamilton","Mercedes","70"
"992","Belgium","26 Aug 2018","Sebastian Vettel","Ferrari","44"
"993","Italy","02 Sep 2018","Lewis Hamilton","Mercedes","53"
"994","Singapore","16 Sep 2018","Lewis Hamilton","Mercedes","61"
"995","Russia","30 Sep 2018","Lewis Hamilton","Mercedes","53"
"996","Japan","07 Oct 2018","Lewis Hamilton","Mercedes","53"
"997","United States","21 Oct 2018","Kimi Räikkönen","Ferrari","56"
"998","Mexico","28 Oct 2018","Max Verstappen","Red Bull Racing TAG Heuer","71"
"999","Brazil","11 Nov 2018","Lewis Hamilton","Mercedes","71"
"1000","Abu Dhabi","25 Nov 2018","Lewis Hamilton","Mercedes","55"
"1001","Australia","17 Mar 2019","Valtteri Bottas","Mercedes","58"
"1002","Bahrain","31 Mar 2019","Lewis Hamilton","Mercedes","57"
"1003","China","14 Apr 2019","Lewis Hamilton","Mercedes","56"
"1004","Azerbaijan","28 Apr 2019","Valtteri Bottas","Mercedes","51"
"1005","Spain","12 May 2019","Lewis Hamilton","Mercedes","66"
"1006","Monaco","26 May 2019","Lewis Hamilton","Mercedes","78"
"1007","Canada","09 Jun 2019","Lewis Hamilton","Mercedes","70"
"1008","France","23 Jun 2019","Lewis Hamilton","Mercedes","53"
"1009","Austria","30 Jun 2019","Max Verstappen","Red Bull Racing Honda","71"
"1010","Great Britain","14 Jul 2019","Lewis Hamilton","Mercedes","52"
"1011","Germany","28 Jul 2019","Max Verstappen","Red Bull Racing Honda","64"
"1012","Hungary","04 Aug 2019","Lewis Hamilton","Mercedes","70"
"1013","Belgium","01 Sep 2019","Charles Leclerc","Ferrari","44"
"1014","Italy","08 Sep 2019","Charles Leclerc","Ferrari","53"
"1015","Singapore","22 Sep 2019","Sebastian Vettel","Ferrari","61"
"1016","Russia","29 Sep 2019","Lewis Hamilton","Mercedes","53"
"1017","Japan","13 Oct 2019","Valtteri Bottas","Mercedes","52"
"1018","Mexico","27 Oct 2019","Lewis Hamilton","Mercedes","71"
"1019","United States","03 Nov 2019","Valtteri Bottas","Mercedes","56"
"1020","Brazil","17 Nov 2019","Max Verstappen","Red Bull Racing Honda","71"
"1021","Abu Dhabi","01 Dec 2019","Lewis Hamilton","Mercedes","55"
"1022","Austria","05 Jul 2020","Valtteri Bottas","Mercedes","71"
"1023","Styria","12 Jul 2020","Lewis Hamilton","Mercedes","71"
"1024","Hungary","19 Jul 2020","Lewis Hamilton","Mercedes","70"
"1025","Great Britain","02 Aug 2020","Lewis Hamilton","Mercedes","52"
"1026","70th Anniversary","09 Aug 2020","Max Verstappen","Red Bull Racing Honda","52"
"1027","Spain","16 Aug 2020","Lewis Hamilton","Mercedes","66"
"1028","Belgium","30 Aug 2020","Lewis Hamilton","Mercedes","44"
"1029","Italy","06 Sep 2020","Pierre Gasly","AlphaTauri Honda","53"
"1030","Tuscany","13 Sep 2020","Lewis Hamilton","Mercedes","59"
"1031","Russia","27 Sep 2020","Valtteri Bottas","Mercedes","53"
"1032","Eifel","11 Oct 2020","Lewis Hamilton","Mercedes","60"
"1033","Portugal","25 Oct 2020","Lewis Hamilton","Mercedes","66"
"1034","Emilia Romagna","01 Nov 2020","Lewis Hamilton","Mercedes","63"
"1035","Turkey","15 Nov 2020","Lewis Hamilton","Mercedes","58"
"1036","Bahrain","29 Nov 2020","Lewis Hamilton","Mercedes","57"
"1037","Sakhir","06 Dec 2020","Sergio Perez","Racing Point BWT Mercedes","87"
"1038","Abu Dhabi","13 Dec 2020","Max Verstappen","Red Bull Racing Honda","55"
